{"config": [
	{"localVar": {
		"function": "fun",
		"name": "x",
		"type": "longdouble"
	}},
	{"localVar": {
		"function": "fun",
		"name": "pi",
		"type": "longdouble"
	}},
	{"localVar": {
		"function": "fun",
		"name": "result",
		"type": "longdouble"
	}},
	{"call": {
		"id": "4",
		"function": "fun",
		"name": "acos",
		"switch": "acos",
		"type": ["double","double"]
	}},
	{"call": {
		"id": "11",
		"function": "fun",
		"name": "sin",
		"switch": "sin",
		"type": ["double","double"]
	}},
	{"localVar": {
		"function": "main",
		"name": "a",
		"type": "longdouble"
	}},
	{"localVar": {
		"function": "main",
		"name": "b",
		"type": "longdouble"
	}},
	{"localVar": {
		"function": "main",
		"name": "s1",
		"type": "longdouble"
	}},
	{"localVar": {
		"function": "main",
		"name": "h",
		"type": "longdouble"
	}},
	{"localVar": {
		"function": "main",
		"name": "fuzz",
		"type": "longdouble"
	}},
	{"localVar": {
		"function": "main",
		"name": "x",
		"type": "longdouble"
	}}
]}
