{"config": [
	{"localVar": {
		"function": "fun",
		"name": "t1",
		"type": ["float", "double", "longdouble"]
	}},
	{"localVar": {
		"function": "fun",
		"name": "d1",
		"type": ["float", "double", "longdouble"]
	}},
	{"localVar": {
		"function": "fun",
		"name": "x",
		"type": ["float", "double", "longdouble"]
	}},
	{"call": {
		"id": "24",
		"function": "fun",
		"name": "sin",
		"switch": ["sinf","sin"],
		"type": [["float","float"], ["double","double"]]
	}},
	{"localVar": {
		"function": "main",
		"name": "ans",
		"type": ["float", "double", "longdouble"]
	}},
	{"localVar": {
		"function": "main",
		"name": "s1",
		"type": ["float", "double", "longdouble"]
	}},
	{"localVar": {
		"function": "main",
		"name": "t1",
		"type": ["float", "double", "longdouble"]
	}},
	{"localVar": {
		"function": "main",
		"name": "t2",
		"type": ["float", "double", "longdouble"]
	}},
	{"localVar": {
		"function": "main",
		"name": "h",
		"type": ["float", "double", "longdouble"]
	}},
	{"localVar": {
		"function": "main",
		"name": "dppi",
		"type": ["float", "double", "longdouble"]
	}},
	{"call": {
		"id": "108",
		"function": "main",
		"name": "sqrt",
		"switch": ["sqrtf","sqrt"],
		"type": [["float","float"], ["double","double"]]
	}}
]}
